ticker,instrument_name,sector,asset_type,currency
360ONE.NS,360 One Wam Limited,Financial Services,EQUITY,INR
3MINDIA.NS,3M India Limited,Industrials,EQUITY,INR
AADHARHFC.NS,AADHAR HOUSING FINANCE L,Financial Services,EQUITY,INR
AARTIIND.NS,Aarti Industries Limited,Basic Materials,EQUITY,INR
AAVAS.NS,Aavas Financiers Limited,Financial Services,EQUITY,INR
ABB.NS,ABB India Limited,Industrials,EQUITY,INR
ABBOTINDIA.NS,Abbott India Limited,Healthcare,EQUITY,INR
ABCAPITAL.NS,Aditya Birla Capital Limited,Financial Services,EQUITY,INR
ABFRL.NS,Aditya Birla Fashion and Retail Limited,Consumer Cyclical,EQUITY,INR
ACC.NS,ACC Limited,Basic Materials,EQUITY,INR
ACE.NS,Action Construction Equipment Limited,Industrials,EQUITY,INR
ADANIENSOL.NS,Adani Energy Solutions Limited,Utilities,EQUITY,INR
ADANIENT.NS,Adani Enterprises Limited,Energy,EQUITY,INR
ADANIGREEN.NS,Adani Green Energy Limited,Utilities,EQUITY,INR
ADANIPORTS.NS,Adani Ports and Special Economic Zone Limited,Industrials,EQUITY,INR
ADANIPOWER.NS,Adani Power Limited,Utilities,EQUITY,INR
AFFLE.NS,Affle 3i Limited,Communication Services,EQUITY,INR
AIAENG.NS,AIA Engineering Limited,Industrials,EQUITY,INR
AJANTPHARM.NS,Ajanta Pharma Limited,Healthcare,EQUITY,INR
ALKEM.NS,Alkem Laboratories Limited,Healthcare,EQUITY,INR
ALKYLAMINE.NS,Alkyl Amines Chemicals Limited,Basic Materials,EQUITY,INR
AMBER.NS,Amber Enterprises India Limited,Consumer Cyclical,EQUITY,INR
AMBUJACEM.NS,Ambuja Cements Limited,Basic Materials,EQUITY,INR
ANANDRATHI.NS,Anand Rathi Wealth Limited,Financial Services,EQUITY,INR
ANANTRAJ.NS,Anant Raj Limited,Real Estate,EQUITY,INR
ANGELONE.NS,Angel One Limited,Financial Services,EQUITY,INR
APARINDS.NS,APAR Industries Limited,Industrials,EQUITY,INR
APLAPOLLO.NS,APL Apollo Tubes Limited,Basic Materials,EQUITY,INR
APOLLOHOSP.NS,Apollo Hospitals Enterprise Limited,Healthcare,EQUITY,INR
APOLLOTYRE.NS,Apollo Tyres Limited,Consumer Cyclical,EQUITY,INR
ASHOKLEY.NS,Ashok Leyland Limited,Industrials,EQUITY,INR
ASIANPAINT.NS,Asian Paints Limited,Basic Materials,EQUITY,INR
ASTERDM.NS,Aster DM Quality Care Limited,Healthcare,EQUITY,INR
ASTRAL.NS,Astral Limited,Industrials,EQUITY,INR
ASTRAZEN.NS,AstraZeneca Pharma India Limited,Healthcare,EQUITY,INR
ATGL.NS,Adani Total Gas Limited,Utilities,EQUITY,INR
ATUL.NS,Atul Ltd,Basic Materials,EQUITY,INR
AUBANK.NS,AU Small Finance Bank Limited,Financial Services,EQUITY,INR
AUROPHARMA.NS,Aurobindo Pharma Limited,Healthcare,EQUITY,INR
AVANTIFEED.NS,Avanti Feeds Limited,Consumer Defensive,EQUITY,INR
AWL.NS,AWL Agri Business Limited,Consumer Defensive,EQUITY,INR
AXISBANK.NS,Axis Bank Limited,Financial Services,EQUITY,INR
BAJAJ-AUTO.NS,Bajaj Auto Limited,Consumer Cyclical,EQUITY,INR
BAJAJFINSV.NS,Bajaj Finserv Ltd.,Financial Services,EQUITY,INR
BAJAJHFL.NS,BAJAJ HOUSING FINANCE LTD,Financial Services,EQUITY,INR
BAJAJHLDNG.NS,Bajaj Holdings & Investment Limited,Financial Services,EQUITY,INR
BAJFINANCE.NS,Bajaj Finance Limited,Financial Services,EQUITY,INR
BALAMINES.NS,Balaji Amines Limited,Basic Materials,EQUITY,INR
BALKRISIND.NS,Balkrishna Industries Limited,Consumer Cyclical,EQUITY,INR
BALRAMCHIN.NS,Balrampur Chini Mills Limited,Consumer Defensive,EQUITY,INR
BANDHANBNK.NS,Bandhan Bank Limited,Financial Services,EQUITY,INR
BANKBARODA.NS,Bank of Baroda Limited,Financial Services,EQUITY,INR
BANKINDIA.NS,Bank of India Limited,Financial Services,EQUITY,INR
BASF.NS,BASF India Limited,Basic Materials,EQUITY,INR
BATAINDIA.NS,Bata India Limited,Consumer Cyclical,EQUITY,INR
BAYERCROP.NS,Bayer CropScience Limited,Basic Materials,EQUITY,INR
BBTC.NS,The Bombay Burmah Trading Corporation Limited,Consumer Defensive,EQUITY,INR
BDL.NS,Bharat Dynamics Limited,Industrials,EQUITY,INR
BEL.NS,Bharat Electronics Limited,Industrials,EQUITY,INR
BEML.NS,BEML Limited,Industrials,EQUITY,INR
BERGEPAINT.NS,Berger Paints India Limited,Basic Materials,EQUITY,INR
BHARATFORG.NS,Bharat Forge Limited,Consumer Cyclical,EQUITY,INR
BHARTIARTL.NS,Bharti Airtel Limited,Communication Services,EQUITY,INR
BHEL.NS,Bharat Heavy Electricals Limited,Industrials,EQUITY,INR
BIKAJI.NS,Bikaji Foods International Limited,Consumer Defensive,EQUITY,INR
BIOCON.NS,Biocon Limited,Healthcare,EQUITY,INR
BIRLACORPN.NS,Birla Corporation Limited,Basic Materials,EQUITY,INR
BLS.NS,BLS International Services Limited,Industrials,EQUITY,INR
BLUEDART.NS,Blue Dart Express Limited,Industrials,EQUITY,INR
BLUESTARCO.NS,Blue Star Limited,Industrials,EQUITY,INR
BOSCHLTD.NS,Bosch Limited,Consumer Cyclical,EQUITY,INR
BPCL.NS,Bharat Petroleum Corporation Limited,Energy,EQUITY,INR
BRIGADE.NS,Brigade Enterprises Limited,Real Estate,EQUITY,INR
BRITANNIA.NS,Britannia Industries Limited,Consumer Defensive,EQUITY,INR
BSE.NS,BSE Limited,Financial Services,EQUITY,INR
BSOFT.NS,Birlasoft Limited,Technology,EQUITY,INR
CAMPUS.NS,Campus Activewear Limited,Consumer Cyclical,EQUITY,INR
CAMS.NS,Computer Age Management Services Limited,Technology,EQUITY,INR
CANBK.NS,Canara Bank,Financial Services,EQUITY,INR
CANFINHOME.NS,Can Fin Homes Limited,Financial Services,EQUITY,INR
CAPLIPOINT.NS,Caplin Point Laboratories Limited,Healthcare,EQUITY,INR
CARBORUNIV.NS,Carborundum Universal Limited,Industrials,EQUITY,INR
CASTROLIND.NS,Castrol India Limited,Energy,EQUITY,INR
CDSL.NS,Central Depository Services (India) Limited,Financial Services,EQUITY,INR
CEATLTD.NS,CEAT Limited,Consumer Cyclical,EQUITY,INR
CENTRALBK.NS,Central Bank of India,Financial Services,EQUITY,INR
CENTURYPLY.NS,Century Plyboards (India) Limited,Basic Materials,EQUITY,INR
CERA.NS,Cera Sanitaryware Limited,Industrials,EQUITY,INR
CESC.NS,CESC Limited,Utilities,EQUITY,INR
CGCL.NS,Capri Global Capital Limited,Financial Services,EQUITY,INR
CGPOWER.NS,CG Power and Industrial Solutions Limited,Industrials,EQUITY,INR
CHALET.NS,Chalet Hotels Limited,Consumer Cyclical,EQUITY,INR
CHAMBLFERT.NS,Chambal Fertilisers and Chemicals Limited,Basic Materials,EQUITY,INR
CHEMPLASTS.NS,Chemplast Sanmar Limited,Basic Materials,EQUITY,INR
CHENNPETRO.NS,Chennai Petroleum Corporation Limited,Energy,EQUITY,INR
CHOLAFIN.NS,Cholamandalam Investment and Finance Company Limited,Financial Services,EQUITY,INR
CHOLAHLDNG.NS,Cholamandalam Financial Holdings Limited,Financial Services,EQUITY,INR
CIEINDIA.NS,CIE Automotive India Limited,Consumer Cyclical,EQUITY,INR
CIPLA.NS,Cipla Limited,Healthcare,EQUITY,INR
CLEAN.NS,Clean Science and Technology Limited,Basic Materials,EQUITY,INR
COALINDIA.NS,Coal India Limited,Energy,EQUITY,INR
COCHINSHIP.NS,Cochin Shipyard Limited,Industrials,EQUITY,INR
COFORGE.NS,Coforge Limited,Technology,EQUITY,INR
COHANCE.NS,COHANCE LIFESCIENCES LTD,Healthcare,EQUITY,INR
COLPAL.NS,Colgate-Palmolive (India) Limited,Consumer Defensive,EQUITY,INR
CONCOR.NS,Container Corporation of India Limited,Industrials,EQUITY,INR
CONCORDBIO.NS,Concord Biotech Limited,Healthcare,EQUITY,INR
COROMANDEL.NS,Coromandel International Limited,Basic Materials,EQUITY,INR
CRAFTSMAN.NS,Craftsman Automation Limited,Consumer Cyclical,EQUITY,INR
CREDITACC.NS,CreditAccess Grameen Limited,Financial Services,EQUITY,INR
CRISIL.NS,CRISIL Limited,Financial Services,EQUITY,INR
CROMPTON.NS,Crompton Greaves Consumer Electricals Limited,Consumer Cyclical,EQUITY,INR
CUB.NS,City Union Bank Limited,Financial Services,EQUITY,INR
CUMMINSIND.NS,Cummins India Limited,Industrials,EQUITY,INR
CYIENT.NS,Cyient Limited,Industrials,EQUITY,INR
DABUR.NS,Dabur India Limited,Consumer Defensive,EQUITY,INR
DALBHARAT.NS,Dalmia Bharat Limited,Basic Materials,EQUITY,INR
DATAPATTNS.NS,Data Patterns (India) Limited,Industrials,EQUITY,INR
DCMSHRIRAM.NS,DCM Shriram Limited,Industrials,EQUITY,INR
DEEPAKFERT.NS,Deepak Fertilisers And Petrochemicals Corporation Limited,Basic Materials,EQUITY,INR
DEEPAKNTR.NS,Deepak Nitrite Limited,Basic Materials,EQUITY,INR
DELHIVERY.NS,Delhivery Limited,Industrials,EQUITY,INR
DEVYANI.NS,Devyani International Limited,Consumer Cyclical,EQUITY,INR
DIVISLAB.NS,Divi's Laboratories Limited,Healthcare,EQUITY,INR
DIXON.NS,Dixon Technologies (India) Limited,Technology,EQUITY,INR
DLF.NS,DLF Limited,Real Estate,EQUITY,INR
DMART.NS,Avenue Supermarts Limited,Consumer Defensive,EQUITY,INR
DOMS.NS,DOMS Industries Limited,Industrials,EQUITY,INR
DRREDDY.NS,Dr. Reddy's Laboratories Limited,Healthcare,EQUITY,INR
EASEMYTRIP.NS,Easy Trip Planners Limited,Consumer Cyclical,EQUITY,INR
EIDPARRY.NS,E.I.D.- Parry (India) Limited,Basic Materials,EQUITY,INR
EIHOTEL.NS,EIH Limited,Consumer Cyclical,EQUITY,INR
EMCURE.NS,EMCURE PHARMACEUTICALS L,Healthcare,EQUITY,INR
ENDURANCE.NS,Endurance Technologies Limited,Consumer Cyclical,EQUITY,INR
ENGINERSIN.NS,Engineers India Limited,Industrials,EQUITY,INR
EQUITASBNK.NS,Equitas Small Finance Bank Limited,Financial Services,EQUITY,INR
ERIS.NS,Eris Lifesciences Limited,Healthcare,EQUITY,INR
ESCORTS.NS,Escorts Kubota Limited,Industrials,EQUITY,INR
ETERNAL.NS,Eternal Limited,Consumer Cyclical,EQUITY,INR
EXIDEIND.NS,Exide Industries Limited,Consumer Cyclical,EQUITY,INR
FACT.NS,The Fertilisers and Chemicals Travancore Limited,Basic Materials,EQUITY,INR
FEDERALBNK.NS,The Federal Bank Limited,Financial Services,EQUITY,INR
FINCABLES.NS,Finolex Cables Limited,Industrials,EQUITY,INR
FINPIPE.NS,Finolex Industries Limited,Industrials,EQUITY,INR
FIVESTAR.NS,Five-Star Business Finance Limited,Financial Services,EQUITY,INR
FLUOROCHEM.NS,Gujarat Fluorochemicals Limited,Basic Materials,EQUITY,INR
FORTIS.NS,Fortis Healthcare Limited,Healthcare,EQUITY,INR
FSL.NS,Firstsource Solutions Limited,Technology,EQUITY,INR
GAIL.NS,GAIL (India) Limited,Utilities,EQUITY,INR
GESHIP.NS,The Great Eastern Shipping Company Limited,Industrials,EQUITY,INR
GICRE.NS,General Insurance Corporation of India,Financial Services,EQUITY,INR
GILLETTE.NS,Gillette India Limited,Consumer Defensive,EQUITY,INR
GLAND.NS,Gland Pharma Limited,Healthcare,EQUITY,INR
GLAXO.NS,GlaxoSmithKline Pharmaceuticals Limited,Healthcare,EQUITY,INR
GLENMARK.NS,Glenmark Pharmaceuticals Limited,Healthcare,EQUITY,INR
GMDCLTD.NS,Gujarat Mineral Development Corporation Limited,Energy,EQUITY,INR
GMRAIRPORT.NS,GMR Airports Limited,Industrials,EQUITY,INR
GMRP&UI.NS,GMR Power And Urban Infra Limited,Energy,EQUITY,INR
GNFC.NS,Gujarat Narmada Valley Fertilizers & Chemicals Limited,Basic Materials,EQUITY,INR
GODFRYPHLP.NS,Godfrey Phillips India Limited,Consumer Defensive,EQUITY,INR
GODIGIT.NS,GO DIGIT GENERAL INS LTD,Financial Services,EQUITY,INR
GODREJAGRO.NS,Godrej Agrovet Limited,Consumer Defensive,EQUITY,INR
GODREJCP.NS,Godrej Consumer Products Limited,Consumer Defensive,EQUITY,INR
GODREJIND.NS,Godrej Industries Limited,Industrials,EQUITY,INR
GODREJPROP.NS,Godrej Properties Limited,Real Estate,EQUITY,INR
GPIL.NS,Godawari Power & Ispat Limited,Basic Materials,EQUITY,INR
GRANULES.NS,Granules India Limited,Healthcare,EQUITY,INR
GRAPHITE.NS,Graphite India Limited,Industrials,EQUITY,INR
GRASIM.NS,Grasim Industries Limited,Basic Materials,EQUITY,INR
GRAVITA.NS,Gravita India Limited,Industrials,EQUITY,INR
GRSE.NS,Garden Reach Shipbuilders & Engineers Limited,Industrials,EQUITY,INR
GSPL.NS,Gujarat State Petronet Limited,,EQUITY,INR
GUJGASLTD.NS,Gujarat Energy Limited,,EQUITY,INR
GVT&D.NS,GE Vernova T&D India Ltd,Industrials,EQUITY,INR
HAL.NS,Hindustan Aeronautics Limited,Industrials,EQUITY,INR
HAPPSTMNDS.NS,Happiest Minds Technologies Limited,Technology,EQUITY,INR
HAVELLS.NS,Havells India Limited,Industrials,EQUITY,INR
HBLENGINE.NS,HBL ENGINEERING LTD,Industrials,EQUITY,INR
HCLTECH.NS,HCL Technologies Limited,Technology,EQUITY,INR
HDFCAMC.NS,HDFC Asset Management Company Limited,Financial Services,EQUITY,INR
HDFCBANK.NS,HDFC Bank Limited,Financial Services,EQUITY,INR
HDFCLIFE.NS,HDFC Life Insurance Company Limited,Financial Services,EQUITY,INR
HEG.NS,HEG Limited,Industrials,EQUITY,INR
HEROMOTOCO.NS,Hero MotoCorp Limited,Consumer Cyclical,EQUITY,INR
HEXT.NS,Hexaware Technologies Limited,Technology,EQUITY,INR
HFCL.NS,HFCL Limited,Technology,EQUITY,INR
HINDALCO.NS,Hindalco Industries Limited,Basic Materials,EQUITY,INR
HINDCOPPER.NS,Hindustan Copper Limited,Basic Materials,EQUITY,INR
HINDPETRO.NS,Hindustan Petroleum Corporation Limited,Energy,EQUITY,INR
HINDUNILVR.NS,Hindustan Unilever Limited,Consumer Defensive,EQUITY,INR
HINDZINC.NS,Hindustan Zinc Limited,Basic Materials,EQUITY,INR
HOMEFIRST.NS,Home First Finance Company India Limited,Financial Services,EQUITY,INR
HONASA.NS,Honasa Consumer Limited,Consumer Defensive,EQUITY,INR
HONAUT.NS,Honeywell Automation India Limited,Industrials,EQUITY,INR
HSCL.NS,Himadri Speciality Chemical Limited,Basic Materials,EQUITY,INR
HUDCO.NS,Housing and Urban Development Corporation Limited,Financial Services,EQUITY,INR
HYUNDAI.NS,HYUNDAI MOTOR INDIA LTD,Consumer Cyclical,EQUITY,INR
ICICIBANK.NS,ICICI Bank Limited,Financial Services,EQUITY,INR
ICICIGI.NS,ICICI Lombard General Insurance Company Limited,Financial Services,EQUITY,INR
ICICIPRULI.NS,ICICI Prudential Life Insurance Company Limited,Financial Services,EQUITY,INR
IDBI.NS,IDBI Bank Limited,Financial Services,EQUITY,INR
IDEA.NS,Vodafone Idea Limited,Communication Services,EQUITY,INR
IDFCFIRSTB.NS,IDFC First Bank Limited,Financial Services,EQUITY,INR
IEX.NS,Indian Energy Exchange Limited,Financial Services,EQUITY,INR
IFCI.NS,IFCI Limited,Financial Services,EQUITY,INR
IGL.NS,Indraprastha Gas Limited,Utilities,EQUITY,INR
IIFL.NS,IIFL Finance Limited,Financial Services,EQUITY,INR
INDGN.NS,INDEGENE LIMITED,Healthcare,EQUITY,INR
INDIACEM.NS,The India Cements Limited,Basic Materials,EQUITY,INR
INDIAMART.NS,IndiaMART InterMESH Limited,Communication Services,EQUITY,INR
INDIANB.NS,Indian Bank,Financial Services,EQUITY,INR
INDIASHLTR.NS,India Shelter Finance Corporation Limited,Financial Services,EQUITY,INR
INDIGO.NS,InterGlobe Aviation Limited,Industrials,EQUITY,INR
INDUSINDBK.NS,IndusInd Bank Limited,Financial Services,EQUITY,INR
INDUSTOWER.NS,Indus Towers Limited,Communication Services,EQUITY,INR
INFY.NS,Infosys Limited,Technology,EQUITY,INR
INOXINDIA.NS,INOX India Limited,Industrials,EQUITY,INR
INOXWIND.NS,Inox Wind Limited,Industrials,EQUITY,INR
INTELLECT.NS,Intellect Design Arena Limited,Technology,EQUITY,INR
IOB.NS,Indian Overseas Bank,Financial Services,EQUITY,INR
IOC.NS,Indian Oil Corporation Limited,Energy,EQUITY,INR
IPCALAB.NS,Ipca Laboratories Limited,Healthcare,EQUITY,INR
IRB.NS,IRB Infrastructure Developers Limited,Industrials,EQUITY,INR
IRCON.NS,Ircon International Limited,Industrials,EQUITY,INR
IRCTC.NS,Indian Railway Catering & Tourism Corporation Limited,Consumer Cyclical,EQUITY,INR
IREDA.NS,Indian Renewable Energy Development Agency Limited,Financial Services,EQUITY,INR
IRFC.NS,Indian Railway Finance Corporation Limited,Financial Services,EQUITY,INR
ITC.NS,ITC Limited,Consumer Defensive,EQUITY,INR
ITI.NS,ITI Limited,Technology,EQUITY,INR
J&KBANK.NS,Jammu and Kashmir Bank Limited,Financial Services,EQUITY,INR
JBCHEPHARM.NS,J. B. Chemicals & Pharmaceuticals Limited,Healthcare,EQUITY,INR
JBMA.NS,JBM Auto Limited,Consumer Cyclical,EQUITY,INR
JINDALSAW.NS,Jindal Saw Limited,Basic Materials,EQUITY,INR
JINDALSTEL.NS,Jindal Steel Limited,Basic Materials,EQUITY,INR
JIOFIN.NS,Jio Financial Services Limited,Financial Services,EQUITY,INR
JKCEMENT.NS,J.K. Cement Limited,Basic Materials,EQUITY,INR
JKLAKSHMI.NS,JK Lakshmi Cement Limited,Basic Materials,EQUITY,INR
JKTYRE.NS,JK Tyre & Industries Limited,Consumer Cyclical,EQUITY,INR
JMFINANCIL.NS,JM Financial Limited,Financial Services,EQUITY,INR
JPPOWER.NS,Jaiprakash Power Ventures Limited,Utilities,EQUITY,INR
JSL.NS,Jindal Stainless Limited,Basic Materials,EQUITY,INR
JSWENERGY.NS,JSW Energy Limited,Utilities,EQUITY,INR
JSWHL.NS,JSW Holdings Limited,Financial Services,EQUITY,INR
JSWINFRA.NS,JSW Infrastructure Limited,Industrials,EQUITY,INR
JSWSTEEL.NS,JSW Steel Limited,Basic Materials,EQUITY,INR
JUBLFOOD.NS,Jubilant FoodWorks Limited,Consumer Cyclical,EQUITY,INR
JUBLINGREA.NS,Jubilant Ingrevia Limited,Basic Materials,EQUITY,INR
JUBLPHARMA.NS,Jubilant Pharmova Limited,Healthcare,EQUITY,INR
JUSTDIAL.NS,Just Dial Limited,Communication Services,EQUITY,INR
JWL.NS,Jupiter Wagons Limited,Industrials,EQUITY,INR
JYOTHYLAB.NS,Jyothy Labs Limited,Consumer Defensive,EQUITY,INR
KAJARIACER.NS,Kajaria Ceramics Limited,Industrials,EQUITY,INR
KALYANKJIL.NS,Kalyan Jewellers India Limited,Consumer Cyclical,EQUITY,INR
KANSAINER.NS,Kansai Nerolac Paints Limited,Basic Materials,EQUITY,INR
KARURVYSYA.NS,The Karur Vysya Bank Limited,Financial Services,EQUITY,INR
KAYNES.NS,Kaynes Technology India Limited,Technology,EQUITY,INR
KEC.NS,KEC International Limited,Industrials,EQUITY,INR
KEI.NS,KEI Industries Limited,Industrials,EQUITY,INR
KFINTECH.NS,KFin Technologies Limited,Technology,EQUITY,INR
KIMS.NS,Krishna Institute of Medical Sciences Limited,Healthcare,EQUITY,INR
KIRLOSBROS.NS,Kirloskar Brothers Limited,Industrials,EQUITY,INR
KIRLOSENG.NS,Kirloskar Oil Engines Limited,Industrials,EQUITY,INR
KNRCON.NS,KNR Constructions Limited,Industrials,EQUITY,INR
KOTAKBANK.NS,Kotak Mahindra Bank Limited,Financial Services,EQUITY,INR
KPIL.NS,Kalpataru Projects International Limited,Industrials,EQUITY,INR
KPITTECH.NS,KPIT Technologies Limited,Technology,EQUITY,INR
KPRMILL.NS,K.P.R. Mill Limited,Consumer Cyclical,EQUITY,INR
KSB.NS,KSB Limited,Industrials,EQUITY,INR
LALPATHLAB.NS,Dr. Lal PathLabs Limited,Healthcare,EQUITY,INR
LATENTVIEW.NS,Latent View Analytics Limited,Industrials,EQUITY,INR
LAURUSLABS.NS,Laurus Labs Limited,Healthcare,EQUITY,INR
LEMONTREE.NS,Lemon Tree Hotels Limited,Consumer Cyclical,EQUITY,INR
LICHSGFIN.NS,LIC Housing Finance Limited,Financial Services,EQUITY,INR
LICI.NS,Life Insurance Corporation of India,Financial Services,EQUITY,INR
LINDEINDIA.NS,Linde India Limited,Basic Materials,EQUITY,INR
LLOYDSME.NS,Lloyds Metals and Energy Limited,Basic Materials,EQUITY,INR
LODHA.NS,Lodha Developers Limited,Real Estate,EQUITY,INR
LT.NS,Larsen & Toubro Limited,Industrials,EQUITY,INR
LTF.NS,L&T Finance Limited,Financial Services,EQUITY,INR
LTTS.NS,L&T Technology Services Limited,Technology,EQUITY,INR
LUPIN.NS,Lupin Limited,Healthcare,EQUITY,INR
M&M.NS,Mahindra & Mahindra Limited,Consumer Cyclical,EQUITY,INR
M&MFIN.NS,Mahindra & Mahindra Financial Services Limited,Financial Services,EQUITY,INR
MAHABANK.NS,Bank of Maharashtra,Financial Services,EQUITY,INR
MAHSCOOTER.NS,Maharashtra Scooters Ltd.,Financial Services,EQUITY,INR
MAHSEAMLES.NS,Maharashtra Seamless Limited,Basic Materials,EQUITY,INR
MANAPPURAM.NS,Manappuram Finance Limited,Financial Services,EQUITY,INR
MANKIND.NS,Mankind Pharma Limited,Healthcare,EQUITY,INR
MANYAVAR.NS,Vedant Fashions Limited,Consumer Cyclical,EQUITY,INR
MAPMYINDIA.NS,C. E. Info Systems Limited,Technology,EQUITY,INR
MARICO.NS,Marico Limited,Consumer Defensive,EQUITY,INR
MARUTI.NS,Maruti Suzuki India Limited,Consumer Cyclical,EQUITY,INR
MASTEK.NS,Mastek Limited,Technology,EQUITY,INR
MAXHEALTH.NS,Max Healthcare Institute Limited,Healthcare,EQUITY,INR
MAZDOCK.NS,Mazagon Dock Shipbuilders Limited,Industrials,EQUITY,INR
MCX.NS,Multi Commodity Exchange of India Limited,Financial Services,EQUITY,INR
MEDANTA.NS,Global Health Limited,Healthcare,EQUITY,INR
MEDIASSIST.NS,MEDI ASSIST HEALTH SER L,Healthcare,EQUITY,INR
MEDPLUS.NS,MedPlus Health Services Limited,Healthcare,EQUITY,INR
METROPOLIS.NS,Metropolis Healthcare Limited,Healthcare,EQUITY,INR
MFSL.NS,Max Financial Services Limited,Financial Services,EQUITY,INR
MGL.NS,Mahanagar Gas Limited,Utilities,EQUITY,INR
MINDACORP.NS,Minda Corporation Limited,Consumer Cyclical,EQUITY,INR
MOTHERSON.NS,Samvardhana Motherson International Limited,Consumer Cyclical,EQUITY,INR
MOTILALOFS.NS,Motilal Oswal Financial Services Limited,Financial Services,EQUITY,INR
MPHASIS.NS,Mphasis Limited,Technology,EQUITY,INR
MRF.NS,MRF Limited,Consumer Cyclical,EQUITY,INR
MRPL.NS,Mangalore Refinery and Petrochemicals Limited,Energy,EQUITY,INR
MSUMI.NS,Motherson Sumi Wiring India Limited,Consumer Cyclical,EQUITY,INR
MUTHOOTFIN.NS,Muthoot Finance Limited,Financial Services,EQUITY,INR
NAM-INDIA.NS,Nippon Life India Asset Management Limited,Financial Services,EQUITY,INR
NATCOPHARM.NS,NATCO Pharma Limited,Healthcare,EQUITY,INR
NATIONALUM.NS,National Aluminium Company Limited,Basic Materials,EQUITY,INR
NAVINFLUOR.NS,Navin Fluorine International Limited,Basic Materials,EQUITY,INR
NAZARA.NS,Nazara Technologies Limited,Communication Services,EQUITY,INR
NCC.NS,NCC Limited,Industrials,EQUITY,INR
NESTLEIND.NS,Nestlé India Limited,Consumer Defensive,EQUITY,INR
NETWORK18.NS,Network18 Media & Investments Limited,Communication Services,EQUITY,INR
NEWGEN.NS,Newgen Software Technologies Limited,Technology,EQUITY,INR
NH.NS,Narayana Hrudayalaya Limited,Healthcare,EQUITY,INR
NHPC.NS,NHPC Limited,Utilities,EQUITY,INR
NIACL.NS,The New India Assurance Company Limited,Financial Services,EQUITY,INR
NIVABUPA.NS,Niva Bupa Health Insurance Company Limited,Financial Services,EQUITY,INR
NLCINDIA.NS,NLC India Limited,Utilities,EQUITY,INR
NMDC.NS,NMDC Limited,Basic Materials,EQUITY,INR
NSLNISP.NS,NMDC Steel Limited,Basic Materials,EQUITY,INR
NTPC.NS,NTPC Limited,Utilities,EQUITY,INR
NTPCGREEN.NS,NTPC GREEN ENERGY LIMITED,Utilities,EQUITY,INR
NUVAMA.NS,Nuvama Wealth Management Limited,Financial Services,EQUITY,INR
NUVOCO.NS,Nuvoco Vistas Corporation Limited,Basic Materials,EQUITY,INR
NYKAA.NS,FSN E-Commerce Ventures Limited,Consumer Cyclical,EQUITY,INR
OBEROIRLTY.NS,Oberoi Realty Limited,Real Estate,EQUITY,INR
OFSS.NS,Oracle Financial Services Software Limited,Technology,EQUITY,INR
OIL.NS,Oil India Limited,Energy,EQUITY,INR
OLAELEC.NS,OLA ELECTRIC MOBILITY LTD,Consumer Cyclical,EQUITY,INR
OLECTRA.NS,Olectra Greentech Limited,Industrials,EQUITY,INR
ONGC.NS,Oil and Natural Gas Corporation Limited,Energy,EQUITY,INR
PARADEEP.NS,Paradeep Phosphates Limited,Basic Materials,EQUITY,INR
PAYTM.NS,One97 Communications Limited,Technology,EQUITY,INR
PCBL.NS,PCBL Chemical Limited,Basic Materials,EQUITY,INR
PERSISTENT.NS,Persistent Systems Limited,Technology,EQUITY,INR
PETRONET.NS,Petronet LNG Limited,Energy,EQUITY,INR
PFC.NS,Power Finance Corporation Limited,Financial Services,EQUITY,INR
PFIZER.NS,Pfizer Limited,Healthcare,EQUITY,INR
PGEL.NS,PG Electroplast Limited,Technology,EQUITY,INR
PGHH.NS,Procter & Gamble Hygiene and Health Care Limited,Consumer Defensive,EQUITY,INR
PHOENIXLTD.NS,The Phoenix Mills Limited,Real Estate,EQUITY,INR
PIDILITIND.NS,Pidilite Industries Limited,Basic Materials,EQUITY,INR
PIIND.NS,PI Industries Limited,Basic Materials,EQUITY,INR
PIRAMALFIN.NS,PIRAMAL FINANCE LIMITED,Financial Services,EQUITY,INR
PNB.NS,Punjab National Bank,Financial Services,EQUITY,INR
PNBHOUSING.NS,PNB Housing Finance Limited,Financial Services,EQUITY,INR
PNCINFRA.NS,PNC Infratech Limited,Industrials,EQUITY,INR
POLICYBZR.NS,PB Fintech Limited,Financial Services,EQUITY,INR
POLYCAB.NS,Polycab India Limited,Industrials,EQUITY,INR
POLYMED.NS,Poly Medicure Limited,Healthcare,EQUITY,INR
POONAWALLA.NS,Poonawalla Fincorp Limited,Financial Services,EQUITY,INR
POWERGRID.NS,Power Grid Corporation of India Limited,Utilities,EQUITY,INR
POWERINDIA.NS,Hitachi Energy India Limited,Industrials,EQUITY,INR
PPLPHARMA.NS,Piramal Pharma Limited,Healthcare,EQUITY,INR
PRESTIGE.NS,Prestige Estates Projects Limited,Real Estate,EQUITY,INR
PRSMJOHNSN.NS,Prism Johnson Limited,Basic Materials,EQUITY,INR
PVRINOX.NS,PVR INOX Limited,Communication Services,EQUITY,INR
QUESS.NS,Quess Corp Limited,Industrials,EQUITY,INR
RADICO.NS,Radico Khaitan Limited,Consumer Defensive,EQUITY,INR
RAILTEL.NS,RailTel Corporation of India Limited,Communication Services,EQUITY,INR
RAINBOW.NS,Rainbow Children's Medicare Limited,Healthcare,EQUITY,INR
RALLIS.NS,Rallis India Limited,Basic Materials,EQUITY,INR
RAMCOCEM.NS,The Ramco Cements Limited,Basic Materials,EQUITY,INR
RATNAMANI.NS,Ratnamani Metals & Tubes Limited,Basic Materials,EQUITY,INR
RAYMOND.NS,Raymond Limited,Industrials,EQUITY,INR
RBLBANK.NS,RBL Bank Limited,Financial Services,EQUITY,INR
RCF.NS,Rashtriya Chemicals and Fertilizers Limited,Basic Materials,EQUITY,INR
RCOM.NS,Reliance Communications Limited,Communication Services,EQUITY,INR
RECLTD.NS,REC Limited,Financial Services,EQUITY,INR
REDINGTON.NS,Redington Limited,Technology,EQUITY,INR
RELAXO.NS,Relaxo Footwears Limited,Consumer Cyclical,EQUITY,INR
RELIANCE.NS,Reliance Industries Limited,Energy,EQUITY,INR
RENUKA.NS,Shree Renuka Sugars Limited,Consumer Defensive,EQUITY,INR
RESPONIND.NS,Responsive Industries Limited,Basic Materials,EQUITY,INR
RHIM.NS,RHI Magnesita India Limited,Industrials,EQUITY,INR
RITES.NS,RITES Limited,Industrials,EQUITY,INR
RKFORGE.NS,Ramkrishna Forgings Limited,Industrials,EQUITY,INR
RKSWAMY.NS,R K SWAMY LIMITED,Communication Services,EQUITY,INR
ROUTE.NS,Route Mobile Limited,Communication Services,EQUITY,INR
RTNINDIA.NS,RattanIndia Enterprises Limited,Consumer Cyclical,EQUITY,INR
RVNL.NS,Rail Vikas Nigam Limited,Industrials,EQUITY,INR
SAFARI.NS,Safari Industries (India) Limited,Consumer Cyclical,EQUITY,INR
SAGILITY.NS,Sagility Limited,Healthcare,EQUITY,INR
SAIL.NS,Steel Authority of India Limited,Basic Materials,EQUITY,INR
SAMMAANCAP.NS,Sammaan Capital Limited,Financial Services,EQUITY,INR
SANOFI.NS,Sanofi India Limited,Healthcare,EQUITY,INR
SANSTAR.NS,SANSTAR LIMITED,Basic Materials,EQUITY,INR
SAPPHIRE.NS,Sapphire Foods India Limited,Consumer Cyclical,EQUITY,INR
SAREGAMA.NS,Saregama India Limited,Communication Services,EQUITY,INR
SBCL.NS,Shivalik Bimetal Controls Limited,Industrials,EQUITY,INR
SBFC.NS,SBFC Finance Limited,Financial Services,EQUITY,INR
SBICARD.NS,SBI Cards and Payment Services Limited,Financial Services,EQUITY,INR
SBILIFE.NS,SBI Life Insurance Company Limited,Financial Services,EQUITY,INR
SBIN.NS,State Bank of India,Financial Services,EQUITY,INR
SCHAEFFLER.NS,Schaeffler India Limited,Consumer Cyclical,EQUITY,INR
SCHNEIDER.NS,Schneider Electric Infrastructure Limited,Industrials,EQUITY,INR
SCI.NS,The Shipping Corporation of India Limited,Industrials,EQUITY,INR
SHARDACROP.NS,Sharda Cropchem Limited,Basic Materials,EQUITY,INR
SHOPERSTOP.NS,Shoppers Stop Limited,Consumer Cyclical,EQUITY,INR
SHREECEM.NS,Shree Cement Limited,Basic Materials,EQUITY,INR
SHRIRAMFIN.NS,Shriram Finance Limited,Financial Services,EQUITY,INR
SHYAMMETL.NS,Shyam Metalics and Energy Limited,Basic Materials,EQUITY,INR
SIEMENS.NS,Siemens Limited,Industrials,EQUITY,INR
SIGNATURE.NS,Signatureglobal (India) Limited,Real Estate,EQUITY,INR
SJVN.NS,SJVN Limited,Utilities,EQUITY,INR
SKFINDIA.NS,SKF India Limited,Industrials,EQUITY,INR
SOBHA.NS,Sobha Limited,Real Estate,EQUITY,INR
SOLARINDS.NS,Solar Industries India Limited,Basic Materials,EQUITY,INR
SONACOMS.NS,Sona BLW Precision Forgings Limited,Consumer Cyclical,EQUITY,INR
SONATSOFTW.NS,Sonata Software Limited,Technology,EQUITY,INR
SPARC.NS,Sun Pharma Advanced Research Company Limited,Healthcare,EQUITY,INR
SRF.NS,SRF Limited,Industrials,EQUITY,INR
STARHEALTH.NS,Star Health and Allied Insurance Company Limited,Financial Services,EQUITY,INR
STLTECH.NS,Sterlite Technologies Limited,Technology,EQUITY,INR
SUMICHEM.NS,Sumitomo Chemical India Limited,Basic Materials,EQUITY,INR
SUNDARMFIN.NS,Sundaram Finance Limited,Financial Services,EQUITY,INR
SUNDRMFAST.NS,Sundram Fasteners Limited,Consumer Cyclical,EQUITY,INR
SUNPHARMA.NS,Sun Pharmaceutical Industries Limited,Healthcare,EQUITY,INR
SUNTV.NS,Sun TV Network Limited,Communication Services,EQUITY,INR
SUPREMEIND.NS,The Supreme Industries Limited,Industrials,EQUITY,INR
SUZLON.NS,Suzlon Energy Limited,Industrials,EQUITY,INR
SWANCORP.NS,Swan Corp Limited,Industrials,EQUITY,INR
SWIGGY.NS,SWIGGY LIMITED,Consumer Cyclical,EQUITY,INR
SWSOLAR.NS,Sterling and Wilson Renewable Energy Limited,Technology,EQUITY,INR
SYNGENE.NS,Syngene International Limited,Healthcare,EQUITY,INR
SYRMA.NS,Syrma SGS Technology Limited,Technology,EQUITY,INR
TANLA.NS,Tanla Platforms Limited,Technology,EQUITY,INR
TATACHEM.NS,Tata Chemicals Limited,Basic Materials,EQUITY,INR
TATACOMM.NS,Tata Communications Limited,Communication Services,EQUITY,INR
TATACONSUM.NS,Tata Consumer Products Limited,Consumer Defensive,EQUITY,INR
TATAELXSI.NS,Tata Elxsi Limited,Technology,EQUITY,INR
TATAINVEST.NS,Tata Investment Corporation Limited,Financial Services,EQUITY,INR
TATAPOWER.NS,The Tata Power Company Limited,Utilities,EQUITY,INR
TATASTEEL.NS,Tata Steel Limited,Basic Materials,EQUITY,INR
TATATECH.NS,Tata Technologies Limited,Technology,EQUITY,INR
TCS.NS,Tata Consultancy Services Limited,Technology,EQUITY,INR
TEAMLEASE.NS,TeamLease Services Limited,Industrials,EQUITY,INR
TECHM.NS,Tech Mahindra Limited,Technology,EQUITY,INR
TEJASNET.NS,Tejas Networks Limited,Technology,EQUITY,INR
THERMAX.NS,Thermax Limited,Industrials,EQUITY,INR
TIINDIA.NS,Tube Investments of India Limited,Industrials,EQUITY,INR
TIMKEN.NS,Timken India Limited,Industrials,EQUITY,INR
TITAGARH.NS,Titagarh Rail Systems Limited,Industrials,EQUITY,INR
TITAN.NS,Titan Company Limited,Consumer Cyclical,EQUITY,INR
TMB.NS,Tamilnad Mercantile Bank Limited,Financial Services,EQUITY,INR
TMCV.NS,TATA MOTORS LIMITED,Consumer Cyclical,EQUITY,INR
TMPV.NS,Tata Motors Passenger Vehicles Limited,Consumer Cyclical,EQUITY,INR
TORNTPHARM.NS,Torrent Pharmaceuticals Limited,Healthcare,EQUITY,INR
TORNTPOWER.NS,Torrent Power Limited,Utilities,EQUITY,INR
TRENT.NS,Trent Limited,Consumer Cyclical,EQUITY,INR
TRIDENT.NS,Trident Limited,Consumer Cyclical,EQUITY,INR
TRITURBINE.NS,Triveni Turbine Limited,Industrials,EQUITY,INR
TRIVENI.NS,Triveni Engineering & Industries Limited,Consumer Defensive,EQUITY,INR
TTML.NS,Tata Teleservices (Maharashtra) Limited,Communication Services,EQUITY,INR
TVSMOTOR.NS,TVS Motor Company Limited,Consumer Cyclical,EQUITY,INR
UBL.NS,United Breweries Limited,Consumer Defensive,EQUITY,INR
UCOBANK.NS,UCO Bank,Financial Services,EQUITY,INR
UFLEX.NS,Uflex Limited,Consumer Cyclical,EQUITY,INR
UJJIVANSFB.NS,Ujjivan Small Finance Bank Limited,Financial Services,EQUITY,INR
ULTRACEMCO.NS,UltraTech Cement Limited,Basic Materials,EQUITY,INR
UNIONBANK.NS,Union Bank of India,Financial Services,EQUITY,INR
UNITDSPR.NS,UNITED SPIRITS LIMITED,Consumer Defensive,EQUITY,INR
UNOMINDA.NS,Uno Minda Limited,Consumer Cyclical,EQUITY,INR
UPL.NS,UPL Limited,Basic Materials,EQUITY,INR
USHAMART.NS,Usha Martin Limited,Basic Materials,EQUITY,INR
UTIAMC.NS,UTI Asset Management Company Limited,Financial Services,EQUITY,INR
VAIBHAVGBL.NS,Vaibhav Global Limited,Consumer Cyclical,EQUITY,INR
VARROC.NS,Varroc Engineering Limited,Consumer Cyclical,EQUITY,INR
VBL.NS,Varun Beverages Limited,Consumer Defensive,EQUITY,INR
VEDL.NS,Vedanta Limited,Basic Materials,EQUITY,INR
VGUARD.NS,V-Guard Industries Limited,Industrials,EQUITY,INR
VIJAYA.NS,Vijaya Diagnostic Centre Limited,Healthcare,EQUITY,INR
VINATIORGA.NS,Vinati Organics Limited,Basic Materials,EQUITY,INR
VIPIND.NS,V.I.P. Industries Limited,Consumer Cyclical,EQUITY,INR
VIYASH.NS,Viyash Scientific Limited,Healthcare,EQUITY,INR
VMART.NS,V-Mart Retail Limited,Consumer Cyclical,EQUITY,INR
VOLTAS.NS,Voltas Limited,Consumer Cyclical,EQUITY,INR
VSTIND.NS,VST Industries Limited,Consumer Defensive,EQUITY,INR
VTL.NS,Vardhman Textiles Limited,Consumer Cyclical,EQUITY,INR
WAAREEENER.NS,WAAREE ENERGIES LIMITED,Technology,EQUITY,INR
WELCORP.NS,Welspun Corp Limited,Basic Materials,EQUITY,INR
WELENT.NS,Welspun Enterprises Limited,Industrials,EQUITY,INR
WELSPUNLIV.NS,Welspun Living Limited,Consumer Cyclical,EQUITY,INR
WESTLIFE.NS,Westlife Foodworld Limited,Consumer Cyclical,EQUITY,INR
WHIRLPOOL.NS,Whirlpool of India Limited,Consumer Cyclical,EQUITY,INR
WIPRO.NS,Wipro Limited,Technology,EQUITY,INR
WOCKPHARMA.NS,Wockhardt Limited,Healthcare,EQUITY,INR
YESBANK.NS,Yes Bank Limited,Financial Services,EQUITY,INR
ZEEL.NS,Zee Entertainment Enterprises Limited,Communication Services,EQUITY,INR
ZENSARTECH.NS,Zensar Technologies Limited,Technology,EQUITY,INR
ZFCVINDIA.NS,ZF Commercial Vehicle Control Systems India Limited,Consumer Cyclical,EQUITY,INR
ZYDUSLIFE.NS,Zydus Lifesciences Limited,Healthcare,EQUITY,INR
