ticker,asset_type
360ONE.NS,EQUITY
3MINDIA.NS,EQUITY
AADHARHFC.NS,EQUITY
AARTIIND.NS,EQUITY
AAVAS.NS,EQUITY
ABB.NS,EQUITY
ABBOTINDIA.NS,EQUITY
ABCAPITAL.NS,EQUITY
ABFRL.NS,EQUITY
ACC.NS,EQUITY
ACE.NS,EQUITY
ADANIENSOL.NS,EQUITY
ADANIENT.NS,EQUITY
ADANIGREEN.NS,EQUITY
ADANIPORTS.NS,EQUITY
ADANIPOWER.NS,EQUITY
AFFLE.NS,EQUITY
AIAENG.NS,EQUITY
AJANTPHARM.NS,EQUITY
ALKEM.NS,EQUITY
ALKYLAMINE.NS,EQUITY
AMBER.NS,EQUITY
AMBUJACEM.NS,EQUITY
ANANDRATHI.NS,EQUITY
ANANTRAJ.NS,EQUITY
ANGELONE.NS,EQUITY
APARINDS.NS,EQUITY
APLAPOLLO.NS,EQUITY
APOLLOHOSP.NS,EQUITY
APOLLOTYRE.NS,EQUITY
ASHOKLEY.NS,EQUITY
ASIANPAINT.NS,EQUITY
ASTERDM.NS,EQUITY
ASTRAL.NS,EQUITY
ASTRAZEN.NS,EQUITY
ATGL.NS,EQUITY
ATUL.NS,EQUITY
AUBANK.NS,EQUITY
AUROPHARMA.NS,EQUITY
AVANTIFEED.NS,EQUITY
AWL.NS,EQUITY
AXISBANK.NS,EQUITY
BAJAJ-AUTO.NS,EQUITY
BAJAJFINSV.NS,EQUITY
BAJAJHFL.NS,EQUITY
BAJAJHLDNG.NS,EQUITY
BAJFINANCE.NS,EQUITY
BALAMINES.NS,EQUITY
BALKRISIND.NS,EQUITY
BALRAMCHIN.NS,EQUITY
BANDHANBNK.NS,EQUITY
BANKBARODA.NS,EQUITY
BANKINDIA.NS,EQUITY
BASF.NS,EQUITY
BATAINDIA.NS,EQUITY
BAYERCROP.NS,EQUITY
BBTC.NS,EQUITY
BDL.NS,EQUITY
BEL.NS,EQUITY
BEML.NS,EQUITY
BERGEPAINT.NS,EQUITY
BHARATFORG.NS,EQUITY
BHARTIARTL.NS,EQUITY
BHEL.NS,EQUITY
BIKAJI.NS,EQUITY
BIOCON.NS,EQUITY
BIRLACORPN.NS,EQUITY
BLS.NS,EQUITY
BLUEDART.NS,EQUITY
BLUESTARCO.NS,EQUITY
BOSCHLTD.NS,EQUITY
BPCL.NS,EQUITY
BRIGADE.NS,EQUITY
BRITANNIA.NS,EQUITY
BSE.NS,EQUITY
BSOFT.NS,EQUITY
CAMPUS.NS,EQUITY
CAMS.NS,EQUITY
CANBK.NS,EQUITY
CANFINHOME.NS,EQUITY
CAPLIPOINT.NS,EQUITY
CARBORUNIV.NS,EQUITY
CASTROLIND.NS,EQUITY
CDSL.NS,EQUITY
CEATLTD.NS,EQUITY
CENTRALBK.NS,EQUITY
CENTURYPLY.NS,EQUITY
CERA.NS,EQUITY
CESC.NS,EQUITY
CGCL.NS,EQUITY
CGPOWER.NS,EQUITY
CHALET.NS,EQUITY
CHAMBLFERT.NS,EQUITY
CHEMPLASTS.NS,EQUITY
CHENNPETRO.NS,EQUITY
CHOLAFIN.NS,EQUITY
CHOLAHLDNG.NS,EQUITY
CIEINDIA.NS,EQUITY
CIPLA.NS,EQUITY
CLEAN.NS,EQUITY
COALINDIA.NS,EQUITY
COCHINSHIP.NS,EQUITY
COFORGE.NS,EQUITY
COLPAL.NS,EQUITY
CONCOR.NS,EQUITY
CONCORDBIO.NS,EQUITY
COROMANDEL.NS,EQUITY
CRAFTSMAN.NS,EQUITY
CREDITACC.NS,EQUITY
CRISIL.NS,EQUITY
CROMPTON.NS,EQUITY
CUB.NS,EQUITY
CUMMINSIND.NS,EQUITY
CYIENT.NS,EQUITY
DABUR.NS,EQUITY
DALBHARAT.NS,EQUITY
DATAPATTNS.NS,EQUITY
DCMSHRIRAM.NS,EQUITY
DEEPAKFERT.NS,EQUITY
DEEPAKNTR.NS,EQUITY
DELHIVERY.NS,EQUITY
DEVYANI.NS,EQUITY
DIVISLAB.NS,EQUITY
DIXON.NS,EQUITY
DLF.NS,EQUITY
DMART.NS,EQUITY
DOMS.NS,EQUITY
DRREDDY.NS,EQUITY
EASEMYTRIP.NS,EQUITY
EIDPARRY.NS,EQUITY
EIHOTEL.NS,EQUITY
EMCURE.NS,EQUITY
ENDURANCE.NS,EQUITY
ENGINERSIN.NS,EQUITY
EQUITASBNK.NS,EQUITY
ERIS.NS,EQUITY
ESCORTS.NS,EQUITY
ETERNAL.NS,EQUITY
EXIDEIND.NS,EQUITY
FACT.NS,EQUITY
FEDERALBNK.NS,EQUITY
FINCABLES.NS,EQUITY
FINPIPE.NS,EQUITY
FIVESTAR.NS,EQUITY
FLUOROCHEM.NS,EQUITY
FORTIS.NS,EQUITY
FSL.NS,EQUITY
GAIL.NS,EQUITY
GESHIP.NS,EQUITY
GICRE.NS,EQUITY
GILLETTE.NS,EQUITY
GLAND.NS,EQUITY
GLAXO.NS,EQUITY
GLENMARK.NS,EQUITY
GMDCLTD.NS,EQUITY
GMRAIRPORT.NS,EQUITY
GMRP&UI.NS,EQUITY
GNFC.NS,EQUITY
GODFRYPHLP.NS,EQUITY
GODIGIT.NS,EQUITY
GODREJAGRO.NS,EQUITY
GODREJCP.NS,EQUITY
GODREJIND.NS,EQUITY
GODREJPROP.NS,EQUITY
GPIL.NS,EQUITY
GRANULES.NS,EQUITY
GRAPHITE.NS,EQUITY
GRASIM.NS,EQUITY
GRAVITA.NS,EQUITY
GRSE.NS,EQUITY
GSPL.NS,EQUITY
GUJGASLTD.NS,EQUITY
GVT&D.NS,EQUITY
HAL.NS,EQUITY
HAPPSTMNDS.NS,EQUITY
HAVELLS.NS,EQUITY
HBLENGINE.NS,EQUITY
HCLTECH.NS,EQUITY
HDFCAMC.NS,EQUITY
HDFCBANK.NS,EQUITY
HDFCLIFE.NS,EQUITY
HEG.NS,EQUITY
HEROMOTOCO.NS,EQUITY
HEXT.NS,EQUITY
HFCL.NS,EQUITY
HINDALCO.NS,EQUITY
HINDCOPPER.NS,EQUITY
HINDPETRO.NS,EQUITY
HINDUNILVR.NS,EQUITY
HINDZINC.NS,EQUITY
HOMEFIRST.NS,EQUITY
HONASA.NS,EQUITY
HONAUT.NS,EQUITY
HSCL.NS,EQUITY
HUDCO.NS,EQUITY
HYUNDAI.NS,EQUITY
ICICIBANK.NS,EQUITY
ICICIGI.NS,EQUITY
ICICIPRULI.NS,EQUITY
IDBI.NS,EQUITY
IDEA.NS,EQUITY
IDFCFIRSTB.NS,EQUITY
IEX.NS,EQUITY
IFCI.NS,EQUITY
IGL.NS,EQUITY
IIFL.NS,EQUITY
INDGN.NS,EQUITY
INDIACEM.NS,EQUITY
INDIAMART.NS,EQUITY
INDIANB.NS,EQUITY
INDIASHLTR.NS,EQUITY
INDIGO.NS,EQUITY
INDUSINDBK.NS,EQUITY
INDUSTOWER.NS,EQUITY
INFY.NS,EQUITY
INOXINDIA.NS,EQUITY
INOXWIND.NS,EQUITY
INTELLECT.NS,EQUITY
IOB.NS,EQUITY
IOC.NS,EQUITY
IPCALAB.NS,EQUITY
IRB.NS,EQUITY
IRCON.NS,EQUITY
IRCTC.NS,EQUITY
IREDA.NS,EQUITY
IRFC.NS,EQUITY
ITC.NS,EQUITY
ITDCEM.NS,EQUITY
ITI.NS,EQUITY
J&KBANK.NS,EQUITY
JBCHEPHARM.NS,EQUITY
JBMA.NS,EQUITY
JINDALSAW.NS,EQUITY
JINDALSTEL.NS,EQUITY
JIOFIN.NS,EQUITY
JKCEMENT.NS,EQUITY
JKLAKSHMI.NS,EQUITY
JKTYRE.NS,EQUITY
JMFINANCIL.NS,EQUITY
JPPOWER.NS,EQUITY
JSL.NS,EQUITY
JSWENERGY.NS,EQUITY
JSWHL.NS,EQUITY
JSWINFRA.NS,EQUITY
JSWSTEEL.NS,EQUITY
JUBLFOOD.NS,EQUITY
JUBLINGREA.NS,EQUITY
JUBLPHARMA.NS,EQUITY
JUSTDIAL.NS,EQUITY
JWL.NS,EQUITY
JYOTHYLAB.NS,EQUITY
KAJARIACER.NS,EQUITY
KALYANKJIL.NS,EQUITY
KANSAINER.NS,EQUITY
KARURVYSYA.NS,EQUITY
KAYNES.NS,EQUITY
KEC.NS,EQUITY
KEI.NS,EQUITY
KFINTECH.NS,EQUITY
KIMS.NS,EQUITY
KIRLOSBROS.NS,EQUITY
KIRLOSENG.NS,EQUITY
KNRCON.NS,EQUITY
KOTAKBANK.NS,EQUITY
KPIL.NS,EQUITY
KPITTECH.NS,EQUITY
KPRMILL.NS,EQUITY
KSB.NS,EQUITY
LALPATHLAB.NS,EQUITY
LATENTVIEW.NS,EQUITY
LAURUSLABS.NS,EQUITY
LEMONTREE.NS,EQUITY
LICHSGFIN.NS,EQUITY
LICI.NS,EQUITY
LINDEINDIA.NS,EQUITY
LLOYDSME.NS,EQUITY
LODHA.NS,EQUITY
LT.NS,EQUITY
LTF.NS,EQUITY
LTIM.NS,EQUITY
LTTS.NS,EQUITY
LUPIN.NS,EQUITY
M&M.NS,EQUITY
M&MFIN.NS,EQUITY
MAHABANK.NS,EQUITY
MAHSCOOTER.NS,EQUITY
MAHSEAMLES.NS,EQUITY
MANAPPURAM.NS,EQUITY
MANKIND.NS,EQUITY
MANYAVAR.NS,EQUITY
MAPMYINDIA.NS,EQUITY
MARICO.NS,EQUITY
MARUTI.NS,EQUITY
MASTEK.NS,EQUITY
MAXHEALTH.NS,EQUITY
MAZDOCK.NS,EQUITY
MCX.NS,EQUITY
MEDANTA.NS,EQUITY
MEDIASSIST.NS,EQUITY
MEDPLUS.NS,EQUITY
METROPOLIS.NS,EQUITY
MFSL.NS,EQUITY
MGL.NS,EQUITY
MINDACORP.NS,EQUITY
MOTHERSON.NS,EQUITY
MOTILALOFS.NS,EQUITY
MPHASIS.NS,EQUITY
MRF.NS,EQUITY
MRPL.NS,EQUITY
MSUMI.NS,EQUITY
MUTHOOTFIN.NS,EQUITY
NAM-INDIA.NS,EQUITY
NATCOPHARM.NS,EQUITY
NATIONALUM.NS,EQUITY
NAVINFLUOR.NS,EQUITY
NAZARA.NS,EQUITY
NCC.NS,EQUITY
NESTLEIND.NS,EQUITY
NETWORK18.NS,EQUITY
NEWGEN.NS,EQUITY
NH.NS,EQUITY
NHPC.NS,EQUITY
NIACL.NS,EQUITY
NIVABUPA.NS,EQUITY
NLCINDIA.NS,EQUITY
NMDC.NS,EQUITY
NSLNISP.NS,EQUITY
NTPC.NS,EQUITY
NTPCGREEN.NS,EQUITY
NUVAMA.NS,EQUITY
NUVOCO.NS,EQUITY
NYKAA.NS,EQUITY
OBEROIRLTY.NS,EQUITY
OFSS.NS,EQUITY
OIL.NS,EQUITY
OLAELEC.NS,EQUITY
OLECTRA.NS,EQUITY
ONGC.NS,EQUITY
PARADEEP.NS,EQUITY
PAYTM.NS,EQUITY
PCBL.NS,EQUITY
PEL.NS,EQUITY
PERSISTENT.NS,EQUITY
PETRONET.NS,EQUITY
PFC.NS,EQUITY
PFIZER.NS,EQUITY
PGEL.NS,EQUITY
PGHH.NS,EQUITY
PHOENIXLTD.NS,EQUITY
PIDILITIND.NS,EQUITY
PIIND.NS,EQUITY
PNB.NS,EQUITY
PNBHOUSING.NS,EQUITY
PNCINFRA.NS,EQUITY
POLICYBZR.NS,EQUITY
POLYCAB.NS,EQUITY
POLYMED.NS,EQUITY
POONAWALLA.NS,EQUITY
POWERGRID.NS,EQUITY
POWERINDIA.NS,EQUITY
PPLPHARMA.NS,EQUITY
PRESTIGE.NS,EQUITY
PRSMJOHNSN.NS,EQUITY
PVRINOX.NS,EQUITY
QUESS.NS,EQUITY
RADICO.NS,EQUITY
RAILTEL.NS,EQUITY
RAINBOW.NS,EQUITY
RALLIS.NS,EQUITY
RAMCOCEM.NS,EQUITY
RATNAMANI.NS,EQUITY
RAYMOND.NS,EQUITY
RBLBANK.NS,EQUITY
RCF.NS,EQUITY
RCOMM.NS,EQUITY
RECLTD.NS,EQUITY
REDINGTON.NS,EQUITY
RELAXO.NS,EQUITY
RELIANCE.NS,EQUITY
RENUKA.NS,EQUITY
RESPONIND.NS,EQUITY
RHIM.NS,EQUITY
RITES.NS,EQUITY
RKFORGE.NS,EQUITY
RKSWAMY.NS,EQUITY
ROUTE.NS,EQUITY
RTNINDIA.NS,EQUITY
RVNL.NS,EQUITY
SAFARI.NS,EQUITY
SAGILITY.NS,EQUITY
SAIL.NS,EQUITY
SAMMAANCAP.NS,EQUITY
SANOFI.NS,EQUITY
SANSTAR.NS,EQUITY
SAPPHIRE.NS,EQUITY
SAREGAMA.NS,EQUITY
SBCL.NS,EQUITY
SBFC.NS,EQUITY
SBICARD.NS,EQUITY
SBILIFE.NS,EQUITY
SBIN.NS,EQUITY
SCHAEFFLER.NS,EQUITY
SCHNEIDER.NS,EQUITY
SCI.NS,EQUITY
SEQUENT.NS,EQUITY
SHARDACROP.NS,EQUITY
SHOPERSTOP.NS,EQUITY
SHREECEM.NS,EQUITY
SHRIRAMFIN.NS,EQUITY
SHYAMMETL.NS,EQUITY
SIEMENS.NS,EQUITY
SIGNATURE.NS,EQUITY
SJVN.NS,EQUITY
SKFINDIA.NS,EQUITY
SOBHA.NS,EQUITY
SOLARINDS.NS,EQUITY
SONACOMS.NS,EQUITY
SONATSOFTW.NS,EQUITY
SPARC.NS,EQUITY
SRF.NS,EQUITY
STARHEALTH.NS,EQUITY
STLTECH.NS,EQUITY
SUMICHEM.NS,EQUITY
SUNDARMFIN.NS,EQUITY
SUNDRMFAST.NS,EQUITY
SUNPHARMA.NS,EQUITY
SUNTV.NS,EQUITY
SUPREMEIND.NS,EQUITY
SUVENPHAR.NS,EQUITY
SUZLON.NS,EQUITY
SWANENERGY.NS,EQUITY
SWIGGY.NS,EQUITY
SWSOLAR.NS,EQUITY
SYNGENE.NS,EQUITY
SYRMA.NS,EQUITY
TANLA.NS,EQUITY
TATACHEM.NS,EQUITY
TATACOMM.NS,EQUITY
TATACONSUM.NS,EQUITY
TATAELXSI.NS,EQUITY
TATAINVEST.NS,EQUITY
TATAMOTORS.NS,EQUITY
TATAPOWER.NS,EQUITY
TATASTEEL.NS,EQUITY
TATATECH.NS,EQUITY
TCS.NS,EQUITY
TEAMLEASE.NS,EQUITY
TECHM.NS,EQUITY
TEJASNET.NS,EQUITY
THERMAX.NS,EQUITY
TIINDIA.NS,EQUITY
TIMKEN.NS,EQUITY
TITAGARH.NS,EQUITY
TITAN.NS,EQUITY
TMB.NS,EQUITY
TORNTPHARM.NS,EQUITY
TORNTPOWER.NS,EQUITY
TRENT.NS,EQUITY
TRIDENT.NS,EQUITY
TRITURBINE.NS,EQUITY
TRIVENI.NS,EQUITY
TTML.NS,EQUITY
TV18BRDCST.NS,EQUITY
TVSMOTOR.NS,EQUITY
UBL.NS,EQUITY
UCOBANK.NS,EQUITY
UFLEX.NS,EQUITY
UJJIVANSFB.NS,EQUITY
ULTRACEMCO.NS,EQUITY
UNIONBANK.NS,EQUITY
UNITDSPR.NS,EQUITY
UNOMINDA.NS,EQUITY
UPL.NS,EQUITY
USHAMART.NS,EQUITY
UTIAMC.NS,EQUITY
VAIBHAVGBL.NS,EQUITY
VARROC.NS,EQUITY
VBL.NS,EQUITY
VEDL.NS,EQUITY
VGUARD.NS,EQUITY
VIJAYA.NS,EQUITY
VINATIORGA.NS,EQUITY
VIPIND.NS,EQUITY
VMART.NS,EQUITY
VOLTAS.NS,EQUITY
VSTIND.NS,EQUITY
VTL.NS,EQUITY
WAAREEENER.NS,EQUITY
WELCORP.NS,EQUITY
WELENT.NS,EQUITY
WELSPUNLIV.NS,EQUITY
WESTLIFE.NS,EQUITY
WHIRLPOOL.NS,EQUITY
WIPRO.NS,EQUITY
WOCKPHARMA.NS,EQUITY
YESBANK.NS,EQUITY
ZEEL.NS,EQUITY
ZENSARTECH.NS,EQUITY
ZFCVINDIA.NS,EQUITY
ZYDUSLIFE.NS,EQUITY
